SQL> 
SQL> -- ------------------------------------------------------------------
SQL> -- Step 1a
SQL> -- ------------------------------------------------------------------
SQL> ALTER TABLE rental_item
  2  ADD rental_item_price NUMBER
  3  ADD rental_item_type NUMBER;

Table altered.

SQL> 
SQL> -- DO NOT ADD until new columns can be filled with data!
SQL> -- ------------------------------------------------------------------
SQL> -- ALTER TABLE rental_item
SQL> -- ADD CONSTRAINT nn_rental_item_7 NOT NULL(rental_item_price)
SQL> -- ADD CONSTRAINT fk_rental_item_5 FOREIGN KEY(rental_item_type) REFERENCES common_lookup(common_lookup_id)
SQL> -- ADD CONSTRAINT nn_rental_item_8 NOT NULL(rental_item_type);
SQL> 
SQL> -- ------------------------------------------------------------------
SQL> -- Verify Step 1a
SQL> -- ------------------------------------------------------------------
SQL> SET NULL ''
SQL> COLUMN table_name	 FORMAT A14
SQL> COLUMN column_id	 FORMAT 9999
SQL> COLUMN column_name  FORMAT A22
SQL> COLUMN data_type	 FORMAT A12
SQL> SELECT   table_name
  2  ,	      column_id
  3  ,	      column_name
  4  ,	      CASE
  5  		WHEN nullable = 'N' THEN 'NOT NULL'
  6  		ELSE ''
  7  	      END AS nullable
  8  ,	      CASE
  9  		WHEN data_type IN ('CHAR','VARCHAR2','NUMBER') THEN
 10  		  data_type||'('||data_length||')'
 11  		ELSE
 12  		  data_type
 13  	      END AS data_type
 14  FROM     user_tab_columns
 15  WHERE    table_name = 'RENTAL_ITEM'
 16  ORDER BY 2;

TABLE_NAME     COLUMN_ID COLUMN_NAME            NULLABLE DATA_TYPE              
-------------- --------- ---------------------- -------- ------------           
RENTAL_ITEM            1 RENTAL_ITEM_ID         NOT NULL NUMBER(22)             
RENTAL_ITEM            2 RENTAL_ID              NOT NULL NUMBER(22)             
RENTAL_ITEM            3 ITEM_ID                NOT NULL NUMBER(22)             
RENTAL_ITEM            4 CREATED_BY             NOT NULL NUMBER(22)             
RENTAL_ITEM            5 CREATION_DATE          NOT NULL DATE                   
RENTAL_ITEM            6 LAST_UPDATED_BY        NOT NULL NUMBER(22)             
RENTAL_ITEM            7 LAST_UPDATE_DATE       NOT NULL DATE                   
RENTAL_ITEM            8 RENTAL_ITEM_PRICE               NUMBER(22)             
RENTAL_ITEM            9 RENTAL_ITEM_TYPE                NUMBER(22)             

9 rows selected.

SQL> 
SQL> -- ------------------------------------------------------------------
SQL> -- Step 2
SQL> -- ------------------------------------------------------------------
SQL> CREATE TABLE price
  2  ( price_id 	     NUMBER
  3  , item_id		     NUMBER	 CONSTRAINT nn_price_1 NOT NULL
  4  , price_type	     NUMBER
  5  , active_flag	     VARCHAR2(1) CONSTRAINT nn_price_2 NOT NULL
  6  , start_date	     DATE	 CONSTRAINT nn_price_3 NOT NULL
  7  , end_date 	     DATE
  8  , amount		     NUMBER	 CONSTRAINT nn_price_4 NOT NULL
  9  , created_by	     NUMBER	 CONSTRAINT nn_price_5 NOT NULL
 10  , creation_date	     DATE	 CONSTRAINT nn_price_6 NOT NULL
 11  , last_updated_by	     NUMBER	 CONSTRAINT nn_price_7 NOT NULL
 12  , last_updated_date     DATE	 CONSTRAINT nn_price_8 NOT NULL
 13  , CONSTRAINT pk_price_1 PRIMARY KEY(price_id)
 14  , CONSTRAINT fk_price_1 FOREIGN KEY(item_id) REFERENCES item(item_id)
 15  , CONSTRAINT fk_price_2 FOREIGN KEY(price_type) REFERENCES common_lookup(common_lookup_id)
 16  , CONSTRAINT yn_price CHECK (active_flag IN('Y','N'))
 17  , CONSTRAINT fk_price_3 FOREIGN KEY(created_by) REFERENCES system_user(system_user_id)
 18  , CONSTRAINT fk_price_4 FOREIGN KEY(last_updated_by) REFERENCES system_user(system_user_id));

Table created.

SQL> 
SQL> -- ------------------------------------------------------------------
SQL> -- Verify Step 2a
SQL> -- ------------------------------------------------------------------
SQL> SET NULL ''
SQL> COLUMN table_name	 FORMAT A14
SQL> COLUMN column_id	 FORMAT 9999
SQL> COLUMN column_name  FORMAT A22
SQL> COLUMN data_type	 FORMAT A12
SQL> SELECT   table_name
  2  ,	      column_id
  3  ,	      column_name
  4  ,	      CASE
  5  		WHEN nullable = 'N' THEN 'NOT NULL'
  6  		ELSE ''
  7  	      END AS nullable
  8  ,	      CASE
  9  		WHEN data_type IN ('CHAR','VARCHAR2','NUMBER') THEN
 10  		  data_type||'('||data_length||')'
 11  		ELSE
 12  		  data_type
 13  	      END AS data_type
 14  FROM     user_tab_columns
 15  WHERE    table_name = 'PRICE'
 16  ORDER BY 2;

TABLE_NAME     COLUMN_ID COLUMN_NAME            NULLABLE DATA_TYPE              
-------------- --------- ---------------------- -------- ------------           
PRICE                  1 PRICE_ID               NOT NULL NUMBER(22)             
PRICE                  2 ITEM_ID                NOT NULL NUMBER(22)             
PRICE                  3 PRICE_TYPE                      NUMBER(22)             
PRICE                  4 ACTIVE_FLAG            NOT NULL VARCHAR2(1)            
PRICE                  5 START_DATE             NOT NULL DATE                   
PRICE                  6 END_DATE                        DATE                   
PRICE                  7 AMOUNT                 NOT NULL NUMBER(22)             
PRICE                  8 CREATED_BY             NOT NULL NUMBER(22)             
PRICE                  9 CREATION_DATE          NOT NULL DATE                   
PRICE                 10 LAST_UPDATED_BY        NOT NULL NUMBER(22)             
PRICE                 11 LAST_UPDATED_DATE      NOT NULL DATE                   

11 rows selected.

SQL> 
SQL> -- ------------------------------------------------------------------
SQL> -- Verify Step 2b
SQL> -- ------------------------------------------------------------------
SQL> COLUMN constraint_name   FORMAT A16
SQL> COLUMN search_condition  FORMAT A30
SQL> SELECT   uc.constraint_name
  2  ,	      uc.search_condition
  3  FROM     user_constraints uc INNER JOIN user_cons_columns ucc
  4  ON       uc.table_name = ucc.table_name
  5  AND      uc.constraint_name = ucc.constraint_name
  6  WHERE    uc.table_name = UPPER('price')
  7  AND      ucc.column_name = UPPER('active_flag')
  8  AND      uc.constraint_name = UPPER('yn_price')
  9  AND      uc.constraint_type = 'C';

CONSTRAINT_NAME  SEARCH_CONDITION                                               
---------------- ------------------------------                                 
YN_PRICE         active_flag IN('Y','N')                                        

1 row selected.

SQL> 
SQL> -- ------------------------------------------------------------------
SQL> -- Step 3a
SQL> -- ------------------------------------------------------------------
SQL> ALTER TABLE item
  2  RENAME COLUMN item_release_date TO release_date;

Table altered.

SQL> -- ------------------------------------------------------------------
SQL> -- Verify Step 3a
SQL> -- ------------------------------------------------------------------
SQL> SET NULL ''
SQL> COLUMN TABLE_NAME	 FORMAT A14
SQL> COLUMN column_id	 FORMAT 9999
SQL> COLUMN column_name  FORMAT A22
SQL> COLUMN data_type	 FORMAT A12
SQL> SELECT   TABLE_NAME
  2  ,	      column_id
  3  ,	      column_name
  4  ,	      CASE
  5  		WHEN NULLABLE = 'N' THEN 'NOT NULL'
  6  		ELSE ''
  7  	      END AS NULLABLE
  8  ,	      CASE
  9  		WHEN data_type IN ('CHAR','VARCHAR2','NUMBER') THEN
 10  		  data_type||'('||data_length||')'
 11  		ELSE
 12  		  data_type
 13  	      END AS data_type
 14  FROM     user_tab_columns
 15  WHERE    TABLE_NAME = 'ITEM'
 16  ORDER BY 2;

TABLE_NAME     COLUMN_ID COLUMN_NAME            NULLABLE DATA_TYPE              
-------------- --------- ---------------------- -------- ------------           
ITEM                   1 ITEM_ID                NOT NULL NUMBER(22)             
ITEM                   2 ITEM_BARCODE           NOT NULL VARCHAR2(14)           
ITEM                   3 ITEM_TYPE              NOT NULL NUMBER(22)             
ITEM                   4 ITEM_TITLE             NOT NULL VARCHAR2(60)           
ITEM                   5 ITEM_SUBTITLE                   VARCHAR2(60)           
ITEM                   6 ITEM_RATING            NOT NULL VARCHAR2(8)            
ITEM                   7 RELEASE_DATE           NOT NULL DATE                   
ITEM                   8 CREATED_BY             NOT NULL NUMBER(22)             
ITEM                   9 CREATION_DATE          NOT NULL DATE                   
ITEM                  10 LAST_UPDATED_BY        NOT NULL NUMBER(22)             
ITEM                  11 LAST_UPDATE_DATE       NOT NULL DATE                   

11 rows selected.

SQL> 
SQL> -- ------------------------------------------------------------------
SQL> -- Step 3b
SQL> -- ------------------------------------------------------------------
SQL> INSERT INTO item VALUES
  2  ( item_s1.nextval
  3  , '9973-16348-2'
  4  , (SELECT common_lookup_id
  5  	FROM common_lookup
  6  	WHERE common_lookup_context = 'ITEM'
  7  	AND common_lookup_type = 'DVD_WIDE_SCREEN')
  8  , 'Baywatch', NULL, 'R', '25-MAY-2017'
  9  , 1, SYSDATE, 1, SYSDATE);

1 row created.

SQL> 
SQL> INSERT INTO item VALUES
  2  ( item_s1.nextval
  3  , '9973-16348-3'
  4  , (SELECT common_lookup_id
  5  	FROM common_lookup
  6  	WHERE common_lookup_context = 'ITEM'
  7  	AND common_lookup_type = 'DVD_WIDE_SCREEN')
  8  , 'Alien', 'Covenant', 'R', '19-MAY-2017'
  9  , 1, SYSDATE, 1, SYSDATE);

1 row created.

SQL> 
SQL> INSERT INTO item VALUES
  2  ( item_s1.nextval
  3  , '9973-16348-4'
  4  , (SELECT common_lookup_id
  5  	FROM common_lookup
  6  	WHERE common_lookup_context = 'ITEM'
  7  	AND common_lookup_type = 'DVD_WIDE_SCREEN')
  8  , 'King Arthur', 'Legend of the Sword', 'PG-13', '12-MAY-2017'
  9  , 1, SYSDATE, 1, SYSDATE);

1 row created.

SQL> 
SQL> -- ------------------------------------------------------------------
SQL> -- Verify Step 3b
SQL> -- ------------------------------------------------------------------
SQL> SELECT   i.item_title
  2  ,	      SYSDATE AS today
  3  ,	      i.release_date
  4  FROM     item i
  5  WHERE   (SYSDATE - i.release_date) < 31;

ITEM_TITLE                                                   TODAY              
------------------------------------------------------------ ------------------ 
RELEASE_DATE                                                                    
------------------                                                              
Baywatch                                                     25-MAY-17          
25-MAY-17                                                                       
                                                                                
Alien                                                        25-MAY-17          
19-MAY-17                                                                       
                                                                                
King Arthur                                                  25-MAY-17          
12-MAY-17                                                                       
                                                                                

3 rows selected.

SQL> 
SQL> -- ------------------------------------------------------------------
SQL> -- Step 3c
SQL> -- ------------------------------------------------------------------
SQL> INSERT INTO member VALUES
  2  ( member_s1.nextval
  3  , (SELECT common_lookup_id
  4  	FROM common_lookup
  5  	WHERE common_lookup_context = 'MEMBER'
  6  	AND common_lookup_type = 'GROUP')
  7  , 'R11-514-39'
  8  , '1111-3333-1111-1111'
  9  , (SELECT common_lookup_id
 10  	FROM common_lookup
 11  	WHERE common_lookup_context = 'MEMBER'
 12  	AND common_lookup_type = 'VISA_CARD')
 13  , 1, SYSDATE, 1, SYSDATE
 14  
SQL> INSERT INTO contact VALUES
  2  ( contact_s1.nextval
  3  , member_s1.currval
  4  , (SELECT common_lookup_id
  5  	FROM common_lookup
  6  	WHERE common_lookup_context = 'CONTACT'
  7  	AND common_lookup_type = 'CUSTOMER')
  8  , 'Harry', NULL, 'Potter'
  9  , 1, SYSDATE, 1, SYSDATE);

1 row created.

SQL> 
SQL> INSERT INTO address VALUES
  2  ( address_s1.nextval
  3  , contact_s1.currval
  4  , (SELECT common_lookup_id
  5  	FROM common_lookup
  6  	WHERE common_lookup_context = 'MULTIPLE'
  7  	AND common_lookup_type = 'HOME')
  8  , 'Provo', 'Utah', '84602'
  9  , 1, SYSDATE, 1, SYSDATE);

1 row created.

SQL> 
SQL> INSERT INTO street_address VALUES
  2  ( street_address_s1.nextval
  3  , address_s1.currval
  4  , 'E Campus Dr.'
  5  , 1, SYSDATE, 1, SYSDATE);

1 row created.

SQL> 
SQL> INSERT INTO telephone VALUES
  2  ( telephone_s1.nextval
  3  , contact_s1.currval
  4  , address_s1.currval
  5  , (SELECT common_lookup_id
  6  	FROM common_lookup
  7  	WHERE common_lookup_context = 'MULTIPLE'
  8  	AND common_lookup_type = 'HOME')
  9  , '1', '301', '422-4636'
 10  , 1, SYSDATE, 1, SYSDATE);

1 row created.

SQL> 
SQL> 
SQL> 
SQL> INSERT INTO contact VALUES
  2  ( contact_s1.nextval
  3  , member_s1.currval
  4  , (SELECT common_lookup_id
  5  	FROM common_lookup
  6  	WHERE common_lookup_context = 'CONTACT'
  7  	AND common_lookup_type = 'CUSTOMER')
  8  , 'Ginny', NULL, 'Potter'
  9  , 1, SYSDATE, 1, SYSDATE);

1 row created.

SQL> 
SQL> INSERT INTO address VALUES
  2  ( address_s1.nextval
  3  , contact_s1.currval
  4  , (SELECT common_lookup_id
  5  	FROM common_lookup
  6  	WHERE common_lookup_context = 'MULTIPLE'
  7  	AND common_lookup_type = 'HOME')
  8  , 'Provo', 'Utah', '84602'
  9  , 1, SYSDATE, 1, SYSDATE);

1 row created.

SQL> 
SQL> INSERT INTO street_address VALUES
  2  ( street_address_s1.nextval
  3  , address_s1.currval
  4  , 'E Campus Dr.'
  5  , 1, SYSDATE, 1, SYSDATE);

1 row created.

SQL> 
SQL> INSERT INTO telephone VALUES
  2  ( telephone_s1.nextval
  3  , contact_s1.currval
  4  , address_s1.currval
  5  , (SELECT common_lookup_id
  6  	FROM common_lookup
  7  	WHERE common_lookup_context = 'MULTIPLE'
  8  	AND common_lookup_type = 'HOME')
  9  , '1', '301', '422-4636'
 10  , 1, SYSDATE, 1, SYSDATE);

1 row created.

SQL> 
SQL> 
SQL> INSERT INTO contact VALUES
  2  ( contact_s1.nextval
  3  , member_s1.currval
  4  , (SELECT common_lookup_id
  5  	FROM common_lookup
  6  	WHERE common_lookup_context = 'CONTACT'
  7  	AND common_lookup_type = 'CUSTOMER')
  8  , 'Lily', 'Luna', 'Potter'
  9  , 1, SYSDATE, 1, SYSDATE);

1 row created.

SQL> 
SQL> INSERT INTO address VALUES
  2  ( address_s1.nextval
  3  , contact_s1.currval
  4  , (SELECT common_lookup_id
  5  	FROM common_lookup
  6  	WHERE common_lookup_context = 'MULTIPLE'
  7  	AND common_lookup_type = 'HOME')
  8  , 'Provo', 'Utah', '84602'
  9  , 1, SYSDATE, 1, SYSDATE);

1 row created.

SQL> 
SQL> INSERT INTO street_address VALUES
  2  ( street_address_s1.nextval
  3  , address_s1.currval
  4  , 'E Campus Dr.'
  5  , 1, SYSDATE, 1, SYSDATE);

1 row created.

SQL> 
SQL> INSERT INTO telephone VALUES
  2  ( telephone_s1.nextval
  3  , contact_s1.currval
  4  , address_s1.currval
  5  , (SELECT common_lookup_id
  6  	FROM common_lookup
  7  	WHERE common_lookup_context = 'MULTIPLE'
  8  	AND common_lookup_type = 'HOME')
  9  , '1', '301', '422-4636'
 10  , 1, SYSDATE, 1, SYSDATE);

1 row created.

SQL> 
SQL> -- ------------------------------------------------------------------
SQL> -- Verify Step 3c
SQL> -- ------------------------------------------------------------------
SQL> COLUMN full_name FORMAT A20
SQL> COLUMN city      FORMAT A10
SQL> COLUMN state     FORMAT A10
SQL> SELECT   c.last_name || ', ' || c.first_name AS full_name
  2  ,	      a.city
  3  ,	      a.state_province AS state
  4  FROM     member m INNER JOIN contact c
  5  ON       m.member_id = c.member_id INNER JOIN address a
  6  ON       c.contact_id = a.contact_id INNER JOIN street_address sa
  7  ON       a.address_id = sa.address_id INNER JOIN telephone t
  8  ON       c.contact_id = t.contact_id
  9  WHERE    c.last_name = 'Potter';

FULL_NAME            CITY       STATE                                           
-------------------- ---------- ----------                                      
Potter, Harry        Provo      Utah                                            
Potter, Ginny        Provo      Utah                                            
Potter, Lily         Provo      Utah                                            

3 rows selected.

SQL> 
SQL> -- ------------------------------------------------------------------
SQL> -- Step 3d
SQL> -- ------------------------------------------------------------------
SQL> INSERT INTO rental VALUES
  2  ( rental_s1.nextval
  3  , (SELECT contact_id
  4  	FROM contact
  5  	WHERE first_name = 'Harry'
  6  	AND last_name = 'Potter')
  7  , SYSDATE, SYSDATE + 1
  8  , 1, SYSDATE, 1, SYSDATE);

1 row created.

SQL> 
SQL> INSERT INTO rental_item VALUES
  2  ( rental_item_s1.nextval
  3  , rental_s1.currval
  4  , (SELECT item_id
  5  	FROM item
  6  	WHERE item_barcode = '9973-16348-2')
  7  , 1, SYSDATE, 1, SYSDATE
  8  , NULL, NULL);

1 row created.

SQL> 
SQL> INSERT INTO rental_item VALUES
  2  ( rental_item_s1.nextval
  3  , rental_s1.currval
  4  , (SELECT item_id
  5  	FROM item
  6  	WHERE item_barcode = '24543-02392')
  7  , 1, SYSDATE, 1, SYSDATE
  8  , NULL, NULL);

1 row created.

SQL> 
SQL> 
SQL> INSERT INTO rental VALUES
  2  ( rental_s1.nextval
  3  , (SELECT contact_id
  4  	FROM contact
  5  	WHERE first_name = 'Ginny'
  6  	AND last_name = 'Potter')
  7  , SYSDATE, SYSDATE + 3
  8  , 1, SYSDATE, 1, SYSDATE);

1 row created.

SQL> 
SQL> INSERT INTO rental_item VALUES
  2  ( rental_item_s1.nextval
  3  , rental_s1.currval
  4  , (SELECT item_id
  5  	FROM item
  6  	WHERE item_barcode = '9973-16348-3')
  7  , 1, SYSDATE, 1, SYSDATE
  8  , NULL, NULL);

1 row created.

SQL> 
SQL> 
SQL> INSERT INTO rental VALUES
  2  ( rental_s1.nextval
  3  , (SELECT contact_id
  4  	FROM contact
  5  	WHERE first_name = 'Lily'
  6  	AND last_name = 'Potter')
  7  , SYSDATE, SYSDATE + 5
  8  , 1, SYSDATE, 1, SYSDATE);

1 row created.

SQL> 
SQL> INSERT INTO rental_item VALUES
  2  ( rental_item_s1.nextval
  3  , rental_s1.currval
  4  , (SELECT item_id
  5  	FROM item
  6  	WHERE item_barcode = '9973-16348-4')
  7  , 1, SYSDATE, 1, SYSDATE
  8  , NULL, NULL);

1 row created.

SQL> 
SQL> -- ------------------------------------------------------------------
SQL> -- Verify Step 3d
SQL> -- ------------------------------------------------------------------
SQL> COLUMN full_name	FORMAT A18
SQL> COLUMN rental_id	FORMAT 9999
SQL> COLUMN rental_days FORMAT A14
SQL> COLUMN rentals	FORMAT 9999
SQL> COLUMN items	FORMAT 9999
SQL> SELECT   c.last_name||', '||c.first_name||' '||c.middle_name AS full_name
  2  ,	      r.rental_id
  3  ,	     (r.return_date - r.check_out_date) || '-DAY RENTAL' AS rental_days
  4  ,	      COUNT(DISTINCT r.rental_id) AS rentals
  5  ,	      COUNT(ri.rental_item_id) AS items
  6  FROM     rental r INNER JOIN rental_item ri
  7  ON       r.rental_id = ri.rental_id INNER JOIN contact c
  8  ON       r.customer_id = c.contact_id
  9  WHERE   (SYSDATE - r.check_out_date) < 15
 10  AND      c.last_name = 'Potter'
 11  GROUP BY c.last_name||', '||c.first_name||' '||c.middle_name
 12  ,	      r.rental_id
 13  ,	     (r.return_date - r.check_out_date) || '-DAY RENTAL'
 14  ORDER BY 2;

FULL_NAME          RENTAL_ID RENTAL_DAYS    RENTALS ITEMS                       
------------------ --------- -------------- ------- -----                       
Potter, Harry           1006 1-DAY RENTAL         1     2                       
Potter, Ginny           1007 3-DAY RENTAL         1     1                       
Potter, Lily Luna       1008 5-DAY RENTAL         1     1                       

3 rows selected.

SQL> 
SQL> -- ------------------------------------------------------------------
SQL> -- Step 4a
SQL> -- ------------------------------------------------------------------
SQL> DROP INDEX common_lookup_n1;

Index dropped.

SQL> DROP INDEX common_lookup_u2;

Index dropped.

SQL> 
SQL> -- ------------------------------------------------------------------
SQL> -- Verify Step 4a
SQL> -- ------------------------------------------------------------------
SQL> COLUMN table_name FORMAT A14
SQL> COLUMN index_name FORMAT A20
SQL> SELECT   table_name
  2  ,	      index_name
  3  FROM     user_indexes
  4  WHERE    table_name = 'COMMON_LOOKUP';

TABLE_NAME     INDEX_NAME                                                       
-------------- --------------------                                             
COMMON_LOOKUP  PK_C_LOOKUP_1                                                    

1 row selected.

SQL> 
SQL> -- ------------------------------------------------------------------
SQL> -- Step 4b
SQL> -- ------------------------------------------------------------------
SQL> ALTER TABLE common_lookup
  2  ADD common_lookup_table VARCHAR2(30)
  3  ADD common_lookup_column VARCHAR2(30)
  4  ADD common_lookup_code VARCHAR2(30);

Table altered.

SQL> 
SQL> -- ------------------------------------------------------------------
SQL> -- Verify Step 4b
SQL> -- ------------------------------------------------------------------
SQL> SET NULL ''
SQL> COLUMN table_name	 FORMAT A14
SQL> COLUMN column_id	 FORMAT 9999
SQL> COLUMN column_name  FORMAT A22
SQL> COLUMN data_type	 FORMAT A12
SQL> SELECT   table_name
  2  ,	      column_id
  3  ,	      column_name
  4  ,	      CASE
  5  		WHEN nullable = 'N' THEN 'NOT NULL'
  6  		ELSE ''
  7  	      END AS nullable
  8  ,	      CASE
  9  		WHEN data_type IN ('CHAR','VARCHAR2','NUMBER') THEN
 10  		  data_type||'('||data_length||')'
 11  		ELSE
 12  		  data_type
 13  	      END AS data_type
 14  FROM     user_tab_columns
 15  WHERE    table_name = 'COMMON_LOOKUP'
 16  ORDER BY 2;

TABLE_NAME     COLUMN_ID COLUMN_NAME            NULLABLE DATA_TYPE              
-------------- --------- ---------------------- -------- ------------           
COMMON_LOOKUP          1 COMMON_LOOKUP_ID       NOT NULL NUMBER(22)             
COMMON_LOOKUP          2 COMMON_LOOKUP_CONTEXT  NOT NULL VARCHAR2(30)           
COMMON_LOOKUP          3 COMMON_LOOKUP_TYPE     NOT NULL VARCHAR2(30)           
COMMON_LOOKUP          4 COMMON_LOOKUP_MEANING  NOT NULL VARCHAR2(30)           
COMMON_LOOKUP          5 CREATED_BY             NOT NULL NUMBER(22)             
COMMON_LOOKUP          6 CREATION_DATE          NOT NULL DATE                   
COMMON_LOOKUP          7 LAST_UPDATED_BY        NOT NULL NUMBER(22)             
COMMON_LOOKUP          8 LAST_UPDATE_DATE       NOT NULL DATE                   
COMMON_LOOKUP          9 COMMON_LOOKUP_TABLE             VARCHAR2(30)           
COMMON_LOOKUP         10 COMMON_LOOKUP_COLUMN            VARCHAR2(30)           
COMMON_LOOKUP         11 COMMON_LOOKUP_CODE              VARCHAR2(30)           

11 rows selected.

SQL> 
SQL> -- ------------------------------------------------------------------
SQL> -- Step 4c-1
SQL> -- ------------------------------------------------------------------
SQL> UPDATE common_lookup
  2  SET common_lookup_table =
  3  	 CASE
  4  	   WHEN common_lookup_context <> 'MULTIPLE' THEN
  5  	      common_lookup_context
  6  	   ELSE
  7  	     'ADDRESS'
  8  	    END -- end case statement
  9  ,	 common_lookup_column =
 10  	 CASE
 11  	   WHEN common_lookup_context <> 'MULTIPLE' THEN
 12  	      common_lookup_context || '_TYPE'
 13  	   ELSE
 14  	     'ADDRESS_TYPE'
 15  	    END;

17 rows updated.

SQL> 
SQL> UPDATE common_lookup
  2  SET common_lookup_code =
  3  	 CASE
  4  	   WHEN common_lookup_context <> 'MULTIPLE' THEN
  5  	      'Old'
  6  	   ELSE
  7  	     'New'
  8  	    END;

17 rows updated.

SQL> 
SQL> -- ------------------------------------------------------------------
SQL> -- Verify Step 4c-1
SQL> -- ------------------------------------------------------------------
SQL> SET NULL ''
SQL> COLUMN table_name	 FORMAT A14
SQL> COLUMN column_id	 FORMAT 9999
SQL> COLUMN column_name  FORMAT A22
SQL> COLUMN data_type	 FORMAT A12
SQL> SELECT   table_name
  2  ,	      column_id
  3  ,	      column_name
  4  ,	      CASE
  5  		WHEN nullable = 'N' THEN 'NOT NULL'
  6  		ELSE ''
  7  	      END AS nullable
  8  ,	      CASE
  9  		WHEN data_type IN ('CHAR','VARCHAR2','NUMBER') THEN
 10  		  data_type||'('||data_length||')'
 11  		ELSE
 12  		  data_type
 13  	      END AS data_type
 14  FROM     user_tab_columns
 15  WHERE    table_name = 'COMMON_LOOKUP'
 16  ORDER BY 2;

TABLE_NAME     COLUMN_ID COLUMN_NAME            NULLABLE DATA_TYPE              
-------------- --------- ---------------------- -------- ------------           
COMMON_LOOKUP          1 COMMON_LOOKUP_ID       NOT NULL NUMBER(22)             
COMMON_LOOKUP          2 COMMON_LOOKUP_CONTEXT  NOT NULL VARCHAR2(30)           
COMMON_LOOKUP          3 COMMON_LOOKUP_TYPE     NOT NULL VARCHAR2(30)           
COMMON_LOOKUP          4 COMMON_LOOKUP_MEANING  NOT NULL VARCHAR2(30)           
COMMON_LOOKUP          5 CREATED_BY             NOT NULL NUMBER(22)             
COMMON_LOOKUP          6 CREATION_DATE          NOT NULL DATE                   
COMMON_LOOKUP          7 LAST_UPDATED_BY        NOT NULL NUMBER(22)             
COMMON_LOOKUP          8 LAST_UPDATE_DATE       NOT NULL DATE                   
COMMON_LOOKUP          9 COMMON_LOOKUP_TABLE             VARCHAR2(30)           
COMMON_LOOKUP         10 COMMON_LOOKUP_COLUMN            VARCHAR2(30)           
COMMON_LOOKUP         11 COMMON_LOOKUP_CODE              VARCHAR2(30)           

11 rows selected.

SQL> 
SQL> -- ------------------------------------------------------------------
SQL> -- Step 4c-2
SQL> -- ------------------------------------------------------------------
SQL> ALTER TABLE common_lookup
  2  DROP CONSTRAINT nn_clookup_1;

Table altered.

SQL> 
SQL> ECHO common_lookup_s1.currval;
SP2-0734: unknown command beginning "ECHO commo..." - rest of line ignored.
SQL> 
SQL> INSERT INTO common_lookup VALUES
  2  ( common_lookup_s1.nextval
  3  , NULL
  4  , 'HOME'
  5  , 'Home'
  6  , 1, SYSDATE, 1, SYSDATE
  7  , 'TELEPHONE'
  8  , 'TELEPHONE_TYPE'
  9  , 'New');

1 row created.

SQL> 
SQL> INSERT INTO common_lookup VALUES
  2  ( common_lookup_s1.nextval
  3  , NULL
  4  , 'WORK'
  5  , 'Work'
  6  , 1, SYSDATE, 1, SYSDATE
  7  , 'TELEPHONE'
  8  , 'TELEPHONE_TYPE'
  9  , 'New');

1 row created.

SQL> 
SQL> -- ------------------------------------------------------------------
SQL> -- Verify Step 4c-2
SQL> -- ------------------------------------------------------------------
SQL> COLUMN common_lookup_table  FORMAT A20
SQL> COLUMN common_lookup_column FORMAT A20
SQL> COLUMN common_lookup_type	 FORMAT A20
SQL> SELECT   common_lookup_table
  2  ,	      common_lookup_column
  3  ,	      common_lookup_type
  4  FROM     common_lookup
  5  ORDER BY 1, 2, 3;

                                          COMMON                                
Common               Common               LOOKUP                                
Lookup Table         Lookup Column        TYPE                                  
-------------------- -------------------- --------------------                  
ADDRESS              ADDRESS_TYPE         HOME                                  
ADDRESS              ADDRESS_TYPE         WORK                                  
CONTACT              CONTACT_TYPE         CUSTOMER                              
CONTACT              CONTACT_TYPE         EMPLOYEE                              
ITEM                 ITEM_TYPE            BLU-RAY                               
ITEM                 ITEM_TYPE            DVD_FULL_SCREEN                       
ITEM                 ITEM_TYPE            DVD_WIDE_SCREEN                       
ITEM                 ITEM_TYPE            NINTENDO_GAMECUBE                     
ITEM                 ITEM_TYPE            PLAYSTATION2                          
ITEM                 ITEM_TYPE            XBOX                                  
MEMBER               MEMBER_TYPE          DISCOVER_CARD                         
MEMBER               MEMBER_TYPE          GROUP                                 
MEMBER               MEMBER_TYPE          INDIVIDUAL                            
MEMBER               MEMBER_TYPE          MASTER_CARD                           
MEMBER               MEMBER_TYPE          VISA_CARD                             
SYSTEM_USER          SYSTEM_USER_TYPE     DBA                                   
SYSTEM_USER          SYSTEM_USER_TYPE     SYSTEM_ADMIN                          
TELEPHONE            TELEPHONE_TYPE       HOME                                  
TELEPHONE            TELEPHONE_TYPE       WORK                                  

19 rows selected.

SQL> 
SQL> -- ------------------------------------------------------------------
SQL> -- Step 4c-3
SQL> -- ------------------------------------------------------------------
SQL> UPDATE telephone
  2  SET telephone_type =
  3  CASE
  4    WHEN telephone_type = (
  5  	  SELECT common_lookup_id
  6  	  FROM common_lookup
  7  	  WHERE common_lookup_table = 'ADDRESS'
  8  	  AND common_lookup_column = 'ADDRESS_TYPE'
  9  	  AND common_lookup_type = 'HOME')
 10    THEN (
 11  	  SELECT common_lookup_id
 12  	  FROM common_lookup
 13  	  WHERE common_lookup_table = 'TELEPHONE'
 14  	  AND common_lookup_column = 'TELEPHONE_TYPE'
 15  	  AND common_lookup_type = 'HOME')
 16    ELSE (
 17  	  SELECT common_lookup_id
 18  	  FROM common_lookup
 19  	  WHERE common_lookup_table = 'TELEPHONE'
 20  	  AND common_lookup_column = 'TELEPHONE_TYPE'
 21  	  AND common_lookup_type = 'WORK')
 22    END;

15 rows updated.

SQL> 
SQL> -- ------------------------------------------------------------------
SQL> -- Verify Step 4c-3
SQL> -- ------------------------------------------------------------------
SQL> COLUMN common_lookup_table  FORMAT A14 HEADING "Common|Lookup Table"
SQL> COLUMN common_lookup_column FORMAT A14 HEADING "Common|Lookup Column"
SQL> COLUMN common_lookup_type	 FORMAT A8  HEADING "Common|Lookup|Type"
SQL> COLUMN count_dependent	 FORMAT 999 HEADING "Count of|Foreign|Keys"
SQL> COLUMN count_lookup	 FORMAT 999 HEADING "Count of|Primary|Keys"
SQL> SELECT   cl.common_lookup_table
  2  ,	      cl.common_lookup_column
  3  ,	      cl.common_lookup_type
  4  ,	      COUNT(a.address_id) AS count_dependent
  5  ,	      COUNT(DISTINCT cl.common_lookup_table) AS count_lookup
  6  FROM     address a RIGHT JOIN common_lookup cl
  7  ON       a.address_type = cl.common_lookup_id
  8  WHERE    cl.common_lookup_table = 'ADDRESS'
  9  AND      cl.common_lookup_column = 'ADDRESS_TYPE'
 10  AND      cl.common_lookup_type IN ('HOME','WORK')
 11  GROUP BY cl.common_lookup_table
 12  ,	      cl.common_lookup_column
 13  ,	      cl.common_lookup_type
 14  UNION
 15  SELECT   cl.common_lookup_table
 16  ,	      cl.common_lookup_column
 17  ,	      cl.common_lookup_type
 18  ,	      COUNT(t.telephone_id) AS count_dependent
 19  ,	      COUNT(DISTINCT cl.common_lookup_table) AS count_lookup
 20  FROM     telephone t RIGHT JOIN common_lookup cl
 21  ON       t.telephone_type = cl.common_lookup_id
 22  WHERE    cl.common_lookup_table = 'TELEPHONE'
 23  AND      cl.common_lookup_column = 'TELEPHONE_TYPE'
 24  AND      cl.common_lookup_type IN ('HOME','WORK')
 25  GROUP BY cl.common_lookup_table
 26  ,	      cl.common_lookup_column
 27  ,	      cl.common_lookup_type;

                              Common   Count of Count of                        
Common         Common         Lookup    Foreign  Primary                        
Lookup Table   Lookup Column  Type         Keys     Keys                        
-------------- -------------- -------- -------- --------                        
ADDRESS        ADDRESS_TYPE   HOME           15        1                        
ADDRESS        ADDRESS_TYPE   WORK            0        1                        
TELEPHONE      TELEPHONE_TYPE HOME           15        1                        
TELEPHONE      TELEPHONE_TYPE WORK            0        1                        

4 rows selected.

SQL> 
SQL> 
SQL> -- ------------------------------------------------------------------
SQL> -- Step 4d-1
SQL> -- ------------------------------------------------------------------
SQL> ALTER TABLE common_lookup
  2  DROP COLUMN common_lookup_context;

Table altered.

SQL> 
SQL> ALTER TABLE common_lookup
  2  MODIFY common_lookup_table CONSTRAINT nn_clookup_8 NOT NULL
  3  MODIFY common_lookup_column CONSTRAINT nn_clookup_9 NOT NULL;

Table altered.

SQL> 
SQL> -- ------------------------------------------------------------------
SQL> -- Verify Step 4d-1
SQL> -- ------------------------------------------------------------------
SQL> SET NULL ''
SQL> COLUMN table_name	 FORMAT A14
SQL> COLUMN column_id	 FORMAT 9999
SQL> COLUMN column_name  FORMAT A22
SQL> COLUMN data_type	 FORMAT A12
SQL> SELECT   table_name
  2  ,	      column_id
  3  ,	      column_name
  4  ,	      CASE
  5  		WHEN nullable = 'N' THEN 'NOT NULL'
  6  		ELSE ''
  7  	      END AS nullable
  8  ,	      CASE
  9  		WHEN data_type IN ('CHAR','VARCHAR2','NUMBER') THEN
 10  		  data_type||'('||data_length||')'
 11  		ELSE
 12  		  data_type
 13  	      END AS data_type
 14  FROM     user_tab_columns
 15  WHERE    table_name = 'COMMON_LOOKUP'
 16  ORDER BY 2;

TABLE_NAME     COLUMN_ID COLUMN_NAME            NULLABLE DATA_TYPE              
-------------- --------- ---------------------- -------- ------------           
COMMON_LOOKUP          1 COMMON_LOOKUP_ID       NOT NULL NUMBER(22)             
COMMON_LOOKUP          2 COMMON_LOOKUP_TYPE     NOT NULL VARCHAR2(30)           
COMMON_LOOKUP          3 COMMON_LOOKUP_MEANING  NOT NULL VARCHAR2(30)           
COMMON_LOOKUP          4 CREATED_BY             NOT NULL NUMBER(22)             
COMMON_LOOKUP          5 CREATION_DATE          NOT NULL DATE                   
COMMON_LOOKUP          6 LAST_UPDATED_BY        NOT NULL NUMBER(22)             
COMMON_LOOKUP          7 LAST_UPDATE_DATE       NOT NULL DATE                   
COMMON_LOOKUP          8 COMMON_LOOKUP_TABLE    NOT NULL VARCHAR2(30)           
COMMON_LOOKUP          9 COMMON_LOOKUP_COLUMN   NOT NULL VARCHAR2(30)           
COMMON_LOOKUP         10 COMMON_LOOKUP_CODE              VARCHAR2(30)           

10 rows selected.

SQL> 
SQL> -- ------------------------------------------------------------------
SQL> -- Step 4d-2
SQL> -- ------------------------------------------------------------------
SQL> CREATE UNIQUE INDEX common_lookup_u2
  2    ON common_lookup(common_lookup_table,common_lookup_column,common_lookup_type);

Index created.

SQL> 
SQL> -- ------------------------------------------------------------------
SQL> -- Verify Step 4d-2
SQL> -- ------------------------------------------------------------------
SQL> COLUMN table_name FORMAT A14
SQL> COLUMN index_name FORMAT A20
SQL> SELECT   table_name
  2  ,	      index_name
  3  FROM     user_indexes
  4  WHERE    table_name = 'COMMON_LOOKUP';

TABLE_NAME     INDEX_NAME                                                       
-------------- --------------------                                             
COMMON_LOOKUP  COMMON_LOOKUP_U2                                                 
COMMON_LOOKUP  PK_C_LOOKUP_1                                                    

2 rows selected.

SQL> 
SQL> 
SQL> 
SQL> -- Commit inserted records.
SQL> COMMIT;

Commit complete.

SQL> 
SQL> -- Close log file.
SQL> SPOOL OFF